{
    "cosby01.png": [0.4101899827288428, 0.3374527978029523],
    "cosby02.png": [0.5671641791044776, 0.4189189189189189],
    "cosby03.png": [0.7195121951219512, 0.3714285714285714],
    "cosby04.png": [0.4824925816023739, 0.3204747774480712],
    "cosby05.png": [0.54296875, 0.409375],
    "cosby06.png": [0.4438902743142145, 0.223915592028136],
    "cosby07.png": [0.5316582914572864, 0.2506666666666667],
    "cosby08.png": [0.5235714285714286, 0.3432],
    "cosby09.png": [0.46875, 0.3408876298394712],
    "cosby10.png": [0.3926096997690531, 0.2192513368983957],
    "cosby11.png": [0.523943661971831, 0.43],
    "cosby12.png": [0.5211970074812968, 0.3666666666666667],
    "cosby13.png": [0.3622754491017964, 0.514],
    "cosby14.png": [0.6075156576200418, 0.4224719101123596],
    "cosby15.png": [0.48046875, 0.4375],
    "cosby16.png": [0.464, 0.2528],
    "cosby17.png": [0.5, 0.2982885085574572],
    "cosby18.png": [0.3982035928143713, 0.392],
    "cosby19.png": [0.4505208333333333, 0.3206140350877193],
    "cosby20.png": [0.5890625, 0.3527777777777778],
    "cosby21.png": [0.63, 0.3298701298701299],
    "cosby22.png": [0.587037037037037, 0.2027777777777778],
    "cosby23.png": [0.398, 0.3472584856396867],
    "cosby24.png": [0.426, 0.2539267015706806],
    "cosby25.png": [0.476, 0.2391608391608392],
    "cosby26.png": [0.2995867768595041, 0.3084260731319555],
    "cosby27.png": [0.4768421052631579, 0.3333333333333333],
    "cosby28.png": [0.485, 0.2111111111111111],
    "cosby29.png": [0.3902777777777778, 0.4180555555555556],
    "cosby30.png": [0.4695121951219512, 0.3504273504273504]
}